DOI,Materials-1,Materials-2,Materials-note,Electrolyte,Voltage window (V),Specific surface area (m2/g),Capacitance (F/g),Pore volume (cm3/g),Pore size (nm),Micropore volume (cm3/g),SSA of micropores (m2/g),Id/Ig ,N (at. %),O (at. %),B (at. %),S (at. %),F (at. %),P (at. %)
10.1149/1.1921134,CDC,,,h2so4,0.25,630,80,,1.5,,,,,,,,,
10.1149/1.1921134,CDC,,,h2so4,0.25,1000,125,,1.75,,,,,,,,,
10.1149/1.1921134,CDC,,,h2so4,0.25,1500,175,,2.5,,,,,,,,,
10.1149/1.1921134,CDC,,,h2so4,0.25,1400,160,,2.9,,,,,,,,,
10.1149/1.1921134,CDC,,,h2so4,0.25,850,95,,1.25,,,,,,,,,
10.1149/1.1921134,CDC,,,h2so4,0.25,1800,138,,1.15,,,,,,,,,
10.1149/1.1921134,CDC,,,h2so4,0.25,1700,143,,1.25,,,,,,,,,
10.1149/1.1921134,CDC,,,h2so4,0.25,1100,120,,1.8,,,,,,,,,
10.1002/smll.200500327,MWCNT,,,teabf4,3.5,20,35,0.11,,0.02,,1.02,,,,,,
10.1002/smll.200500327,MWCNT,,,teabf4,3.5,73,,0.18,,0.07,,0.88,,,,,,
10.1002/smll.200500327,MWCNT,,,teabf4,3.5,111,,0.19,,0.09,,0.9,,,,,,
10.1002/smll.200500327,MWCNT,,,teabf4,3.5,156,,0.3,,0.13,,0.85,,,,,,
10.1002/smll.200500327,MWCNT,,,teabf4,3.5,229,,0.44,,0.18,,0.86,,,,,,
10.1002/smll.200500327,MWCNT,,,teabf4,3.5,247,40,0.37,,0.18,,0.83,,,,,,
10.1007/s11431-006-2008-z,carbon nanorods,,,koh,0.9,1347,189.1,1.01,3,,,,,,,,,
10.1007/s11431-006-2008-z,carbon nanorods,,,koh,0.9,3310,333.9,,2,,,,,,,,,
10.1002/adma.200602184,carbon nanofiber,,,koh,0.9,310,120,0.17,0.54,0.15,,,3.5,4.9,0,,,
10.1002/adma.200602184,carbon nanofiber,,,koh,0.9,420,128,0.22,0.54,0.2,,,2.9,4.8,0,,,
10.1002/adma.200602184,carbon nanofiber,,,koh,0.9,550,140,0.34,0.59,0.26,,,0.9,4.5,0,,,
10.1021/ja7106146,,,,h2so4,1,2872,312,2.06,,,,,,,,,,
10.1002/anie.200702721,,,,koh,1,970,68.4,0.69,2.85,0.3,,,,,,,,
10.1039/b819202b,,,,h2so4,0.9,1140,304,,,,,,,,,,,
10.1039/c0jm00382d,porous carbon,,,koh,1,2273,168,2.74,4.47,,,,,,,,,
10.1021/ja910307x,porous carbon,,,h2so4,1.2,,300,,,,,3.75,,,,,,
10.1021/ja910307x,,,,h2so4,1.2,,200,,,,,3.6,,,,,,
10.1021/ja910307x,,,,h2so4,1.2,,220,,,,,3.4,,,,,,
10.1021/ja910307x,,,,h2so4,1.2,,225,,,,,3.25,,,,,,
10.1021/nn901825y,CDC,,,teabf4,2,2250,150,1.4,,,,2.45,,,,,,
10.1021/nn901825y,CDC,,,teabf4,2,2430,125,1.4,,,,2.26,,,,,,
10.1021/nn901825y,CDC,,,teabf4,2,2420,138,1.5,,,,2,,,,,,
10.1007/s11431-010-0017-4,CNT,,,liclo4,2.6,146.12,21.8,,,,,,,,,,,
10.1007/s11431-010-0017-4,,,,liclo4,2.6,159.74,60.4,,,,,,,,,,,
10.1002/aenm.201100114,porous carbon,,,net4bf4,2.7,1522,115,2.02,,,,,,,,,,
10.1002/aenm.201100114,AC,,,net4bf4,2.7,2549,106,,,,,,,,,,,
10.1002/aenm.201100114,CNT,,,net4bf4,2.7,156,35,,,,,,,,,,,
10.1039/c1ee01676h,carbon sphere,graphene,,koh,1,,198,,,,,,,,,,,
10.1039/c1ee01676h,graphene,,,koh,1,,115,,,,,,,,,,,
10.1039/c1ee01676h,carbon sphere,,,koh,1,,38,,,,,,,,,,,
10.1002/chem.201101679,carbon,,,h2so4,0.9,415,120,,,,,0.19,,,,,,
10.1021/jp207135g,porous carbon,,,h2so4,0.9,710,185,,0.71,,,,0,5,0,,,
10.1021/jp207135g,porous carbon,,,h2so4,0.9,698,360,,0.82,,,,0,12,0,,,
10.1021/jp207135g,porous carbon,,,h2so4,0.9,565,341,,0.76,,,,0,12,0,,,
10.1021/jp207135g,AC,,,h2so4,0.9,886,214,,,,,,,,,,,
10.1039/c1ee01094h,graphene,,,koh,0.9,801,218,0.9,3.7,,,,0,10.1,0,,,
10.1039/c1ee01094h,porous carbon,graphene,,koh,0.9,1496,171,3.36,1.4,,,,0,3.2,0,,,
10.1039/c1ee01094h,porous carbon,graphene,,koh,0.9,1390,136,3.28,1.4,,,,1.2,1.6,0,,,
10.1039/c1ee01094h,graphene,,,koh,0.9,787,95,,,,,,0,3.5,0,,,
10.1021/cm103388y,porous carbon,,,nacl,0.9,429,30,,,,,,,,,,,
10.1021/cm103388y,porous carbon,,,nacl,0.9,,25,,,,,,,,,,,
10.1021/cm103388y,porous carbon,,,h2so4,0.9,429,50,,,,,,,,,,,
10.1021/cm103388y,porous carbon,,,h2so4,0.9,,39,,,,,,,,,,,
10.1021/jp2047618,porous carbon,,,nacl,1.4,846.5,18.31,0.76,7.57,,,,,,,,,
10.1021/jp2047618,porous carbon,,,nacl,1.4,602.6,5.31,0.35,3.42,,,,,,,,,
10.1021/jp2047618,porous carbon,,,nacl,1.4,492.9,8.51,0.092,3.25,,,,,,,,,
10.1039/c0jm03199b,graphene,CNT,,h2so4,1,538.9,326.5,,,,,,,,,,,
10.1039/c0jm03199b,graphene,,,h2so4,1,138.2,83,,,,,,,,,,,
10.1126/science.1200770,graphene,,,bmimbf4,3.5,3100,165,2.14,,,,1.19,,,,,,
10.1126/science.1200770,graphene,,,teabf4,2.7,3100,150,2.14,,,,1.19,,,,,,
10.1126/science.1200770,graphene,,,emitfsi,3.5,3100,200,2.14,,,,1.19,,,,,,
10.1126/science.1200770,graphene,,,bmimbf4,3.5,2675,156,,,,,,,,,,,
10.1002/aenm.201100654,porous carbon ,,,koh,1,883,289,,7,,,,0,3.8,0,,,
10.1007/s10008-011-1487-4,carbon xerogel,CNT,,koh,0.9,2158,176,0.68,1.9,,711,,,,,,,
10.1007/s10008-012-1779-3,AC,,,koh,0.8,1759,218,0.93,2.7,0.61,,,,,,,,
10.1007/s10008-012-1779-3,AC,,,koh,0.8,1452,127,0.81,4.63,0.56,,,,,,,,
10.1007/s10008-012-1779-3,AC,,,lipf6,2.4,2218,124,1.15,2.25,0.87,,,,,,,,
10.1007/s10008-012-1779-3,AC,,,lipf6,2.4,1759,108,0.93,2.7,0.61,,,,,,,,
10.1007/s10008-012-1779-3,AC,,,lipf6,2.4,1622,105,0.86,2.7,0.49,,,,,,,,
10.1007/s10008-012-1779-3,AC,,,lipf6,2.4,1452,147,0.81,4.63,0.56,,,,,,,,
10.1007/s10008-012-1779-3,AC,,,et3menbf4,2.4,2218,112,1.15,2.25,0.87,,,,,,,,
10.1007/s10008-012-1779-3,AC,,,et3menbf4,2.4,1759,108,0.93,2.7,0.61,,,,,,,,
10.1007/s10008-012-1779-3,AC,,,et3menbf4,2.4,1622,100,0.86,2.7,0.49,,,,,,,,
10.1007/s10008-012-1779-3,AC,,,et3menbf4,2.4,1452,120,0.81,4.63,0.56,,,,,,,,
10.1021/nl3027372,porous carbon,,,lipf6,2.5,810,30,,,,,1.22,,,,,,
10.1021/nl3027372,porous carbon,CNT,,lipf6,2.5,1340,45,,,,,1.08,,,,,,
10.1039/c2jm15645h,AC,CNT,,h2so4,1,3160,295,1.58,0.8,,,,,,,,,
10.1039/c2jm15645h,AC,,,h2so4,1,3110,280,1.68,0.7,,,,,,,,,
10.1039/c2jm15645h,AC,,,h2so4,1,2930,305,1.7,0.75,,,,,,,,,
10.1002/cssc.201100511,AC,,,Et4NBF4,2.5,830,170,0.32,0.8,,820,,,,,,,
10.1002/adfm.201102573,porous carbon,,,teabf4,4,2025,120,1.12,,,,,,,,,,
10.1002/adfm.201102573,porous carbon,,,teabf4,4,1924,105,1.09,,,,,,,,,,
10.1002/adfm.201102573,porous carbon,,,teabf4,4,1405,146,0.74,,,,,,,,,,
10.1002/anie.201104334,CNT,carbon,,koh,0.6,1080,125,,0.7,,,1.25,,,,,,
10.1002/anie.201104334,CNT,,,koh,0.6,1429,200,,1.6,,,1.075,,,,,,
10.1021/jp3031557,porous carbon,,,hclo4,0.7,,200,,6,,,,6.71,12.06,0,,,
10.1039/c2ra20845h,porous carbon,graphene,,koh,1,545.8,242,0.56,4,,,,0,4.2,0,,,
10.1039/c2ra20845h,porous carbon,graphene,,koh,1,582.3,190,0.59,3.9,,,,,,,,,
10.1039/c2ra20845h,porous carbon,graphene,,koh,1,485.8,170,0.5,3.9,,,,,,,,,
10.1039/c2ra20845h,porous carbon,graphene,,koh,1,411.7,159,0.45,3.9,,,,,,,,,
10.1039/c2ra20845h,porous carbon,graphene,,koh,1,698.6,153,0.61,3.9,,,,,,,,,
10.1039/c2ra20845h,porous carbon,graphene,,koh,1,507.5,173,0.53,3.9,,,,,,,,,
10.1039/c2ra20845h,graphene,,,koh,1,321.2,95,0.23,,,,,,,,,,
10.1039/c2ra20845h,porous carbon,,,koh,1,744.5,136,0.65,3.5,,,,,,,,,
10.1002/adma.201201948,NB-doped graphene,,,h2so4,0.8,249,239,,3.2,,,1.19,3,,0.6,,,
10.1002/adma.201201948,B-doped graphene,,,h2so4,0.8,,228,,,,,1.12,,,0.6,,,
10.1002/adma.201201948,N-doped graphene,,,h2so4,0.8,,190,,,,,1.14,3,,,,,
10.1002/adma.201201948,graphene,,,h2so4,0.8,,181,,,,,1.05,0,,0,,,
10.1002/adma.201103872,porous carbon,,,h2so4,0.9,2053,216,,6,,,,,,,,,
10.1002/adma.201103872,porous carbon,,,h2so4,0.9,1854,251,,7,,,,,,,,,
10.1002/adma.201103872,porous carbon,,,h2so4,0.9,1633,245,,10,,,,,,,,,
10.1002/adma.201103872,porous carbon,,,h2so4,0.9,312,42,,,,,,,,,,,
10.1039/c3cc44175j,porous carbon,,,koh,0.8,854,131,1,1.2,0.12,269,1,6.7,4.1,0,0.7,5.6,
10.1039/c3cc44175j,porous carbon,,,koh,0.8,1277,154,1.28,1.2,0.34,757,,7.3,7.2,0,0.7,,
10.1039/c3cc44175j,porous carbon,,,koh,0.8,870,,0.52,1.2,0.33,716,,6.8,4.3,0,1,1.4,
10.1039/c3cc44175j,porous carbon,,,koh,0.8,643,104,0.33,1.1,0.28,601,,6.6,3.8,0,0.8,2,
10.1039/c3cc44175j,porous carbon,,,koh,0.8,588,112,0.34,0.75,0.24,520,,5.7,5.4,0,0.8,2.3,
10.1039/c3cc44175j,porous carbon,,,koh,0.8,706,,0.33,1.2,0.32,686,,6.5,10.5,0,2.4,1.1,
10.1039/c3cc44175j,porous carbon,,,koh,0.8,386,,0.61,,0.04,99,,7.1,2.8,0,0.4,0.8,
10.1039/c3cc44175j,porous carbon,,,koh,0.8,196,,0.6,,0.01,34,,2.6,1.6,0,0.3,0.7,
10.1002/adma.201301243,graphene,,,bmimbf4,3.5,256,137,1.15,,,,,,,,,,
10.1002/adma.201301243,graphene,,,emimtfsi,3.5,256,154,1.15,,,,,,,,,,
10.1039/c3ta10501f,porous carbon,,4.2-16.8-6c,koh,1,1330,193,1.35,4.05,0.46,981,,,,,,,
10.1039/c3ta10501f,porous carbon,,7-14-6c,koh,1,1234,185,0.93,3.01,0.45,1052,,,,,,,
10.1039/c3ta10501f,porous carbon,,9-12-6c,koh,1,1157,182,0.69,2.39,0.43,1050,,,,,,,
10.1039/c3ta10501f,porous carbon,,14-7-6c,koh,1,761,,0.34,1.78,0.29,736,,,,,,,
10.1039/c3ta10501f,porous carbon,,7-14-0c,koh,1,348,114,0.58,6.61,0.1,215,,,,,,,
10.1039/c3ta10501f,porous carbon,,4.2-16.8-6m,koh,1,787,177,1.14,5.81,0.24,533,,,,,,,
10.1039/c3ta10501f,porous carbon,,7-14-6m,koh,1,576,,0.49,3.41,0.2,467,,,,,,,
10.1039/c3ta10501f,porous carbon,,,et4NBF4,2.7,1330,112,1.35,4.05,0.46,981,,,,,,,
10.1039/c3ta10501f,porous carbon,,,et4NBF4,2.7,1234,90,0.93,3.01,0.45,1052,,,,,,,
10.1039/c3ta10501f,porous carbon,,,et4NBF4,2.7,1157,45,0.69,2.39,0.43,1050,,,,,,,
10.1039/c3ta10501f,porous carbon,,,et4NBF4,2.7,761,,0.34,1.78,0.29,736,,,,,,,
10.1039/c3ta10501f,porous carbon,,,et4NBF4,2.7,348,15,0.58,6.61,0.1,215,,,,,,,
10.1039/c3ta10501f,porous carbon,,,et4NBF4,2.7,787,67,1.14,5.81,0.24,533,,,,,,,
10.1039/c3ta10501f,porous carbon,,,et4NBF4,2.7,576,,0.49,3.41,0.2,467,,,,,,,
10.1002/adma.201302788,graphene,CNT,,teabf4,3,,110,,,,,,4.85,7.52,0,,,
10.1021/nn402077v,graphene,,s,emimtfsi,3.5,650,,,,,,,0,17.38,0,2.95,,
10.1021/nn402077v,graphene,,as,emimtfsi,3.5,3290,173,,1,,,,0,2.84,0,,,
10.1021/nn4040734,graphene,,go,10.1039/c3ta11051f,2,,,,,,,,0,33.4,0,,,
10.1021/nn4040734,graphene,,mr-go,lipf6,2,,,,,,,,35,8.8,0,,,
10.1021/nn4040734,graphene,,rgo,lipf6,2,466,110,0.6,7,,,,2.31,15.69,0,,,
10.1021/nn4040734,graphene,,cmr-go,lipf6,2,1040,210,2.6,10,,,,5.24,8,0,,,
10.1021/nn4040734,graphene,CNT,,lipf6,2,233,33,0.9,,,,,,,,,,
10.1021/nn4040734,CNT,,,lipf6,2,176,15,0.7,,,,,,,,,,
10.1039/c2cc37396c,graphene,,go,h3po4,1,,,,,,,0.76,,,,,,
10.1039/c2cc37396c,graphene,,rgo,h3po4,1,,,,,,,1.05,,,,,,
10.1039/c3ta11051f,porous carbon,,pnsc,et4NBF4,2.7,2653,210,1.73,1.2,,579,,,,,,,
10.1039/c3ta11051f,porous carbon,,ac,et4NBF4,2.7,2269,114,1.15,0.7,,752,,,,,,,
10.1039/c3ta12037f,graphene,CNT,,h2so4,1,33.1,252.4,,,,,,,,,,,
10.1039/c3ta12037f,CNT,,,h2so4,1,17.6,39.7,,,,,,,,,,,
10.1021/am402162b,porous carbon,,,h2so4,0.8,673.43,325.5,0.36,2.13,0.22,436.3,,,,,,,
10.1021/am402162b,porous carbon,,,h2so4,0.8,1040.31,425.8,0.61,2.35,0.29,586.8,,,,,,,
10.1021/am402162b,porous carbon,,,h2so4,0.8,593.82,394,0.37,2.49,0.2,414.47,,,,,,,
10.1039/c3ta10998d,AC,,,h2so4,0.8,381.64,528,,,,,,,,,,,
10.1039/c3ta10998d,AC,,,h2so4,0.8,683.26,587,,,,,,,,,,,
10.1039/c3ta10998d,AC,,,h2so4,0.8,559.11,420,,,,,,0,8.43,0,,,
10.1021/sc400092g,AC,,,h2so4,1,1386,155,0.904,0.7,0.441,,,0,7.1,0,1,,
10.1021/sc400092g,AC,,,h2so4,1,1615,175,1.237,0.5,0.545,,,0,11.3,0,0.3,,
10.1021/sc400092g,AC,,,h2so4,1,1766,210,1.527,0.7,0.537,,,0,13.5,0,0,,
10.1021/sc400092g,AC,graphene,,h2so4,1,775,155,0.54,0.5,0.271,,,0,8.5,0,1.7,,
10.1021/sc400092g,AC,graphene,,h2so4,1,1231,185,1.437,0.7,0.269,,,0,9.2,0,1.7,,
10.1021/sc400092g,AC,graphene,,h2so4,1,1315,240,0.886,0.5,0.435,,,0,11.4,0,0,,
10.1021/sc400092g,AC,graphene,,h2so4,1,783,150,0.608,0.7,0.244,,,0,10.7,0,0.9,,
10.1021/sc400092g,AC,graphene,,h2so4,1,1083,190,0.87,0.7,0.317,,,0,11.7,0,0.8,,
10.1021/sc400092g,AC,graphene,,h2so4,1,1162,210,0.868,0.7,0.369,,,0,11.3,0,0,,
10.1021/am4028235,graphene,,,h2so4,0.8,,,,,,,1.25,,,,,,
10.1021/am4028235,graphene,,gns,h2so4,0.8,682,100,0.72,4,,,1.62,0,10.75,0,,,
10.1021/am4028235,graphene,,agns,h2so4,0.8,1383,160,1.2,1,,,1.3,0,9,0,,,
10.5796/electrochemistry.81.804,porous carbon,,,teabf4,2,754,38,0.4,,0.147,,,0,0.9,0,,,
10.5796/electrochemistry.81.804,porous carbon,,,teabf4,2,364,20,0.195,,0.047,,,0,4.2,0,,,
10.1007/s10008-013-2025-3,porous carbon,,,h2so4,1,1180,241,1.56,7,,,0.9,,,,,,
10.1021/nn3015882,graphene,CNT,,koh,0.8,,104,,,,,0.33,,,,,,
10.1149/2.016306jes,porous carbon,,,koh,0.7,592,71,0.94,,,,,,,,,,
10.1149/2.016306jes,porous carbon,,,koh,0.7,996,116,1.1,3.9,,,,,,,,,
10.1149/2.016306jes,porous carbon,,,koh,0.7,1097,124,1.25,3.9,,,,,,,,,
10.1149/2.016306jes,porous carbon,,,koh,0.7,1269,147,1.25,3.9,,,,,,,,,
10.1039/c3ta12722b,porous carbon,,,na2so4,1,1130,132,2.188,3,,,1.18,,,,,,
10.1002/adfm.201201643,N-doped carbon,,,koh,1.2,95.6,,0.224,,,0,,3.73,11.4,0,,,
10.1002/adfm.201201643,N-doped carbon,,,koh,1.2,985,,0.986,,,515,,4.66,7.2,0,,,
10.1002/adfm.201201643,N-doped carbon,,,koh,1.2,1578,310,1.092,,,1133,,0.68,16.4,0,,,
10.1002/adfm.201201643,N-doped carbon,,,h2so4,1,1578,305,1.092,,,1133,,0.68,16.4,0,,,
10.1039/c3ta15245f,porous carbon,,cns,h2so4,1,345.8,210,0.476,,,,,,,,,,
10.1039/c3ta15245f,porous carbon,,cnt,h2so4,1,379.9,227,0.513,,,,1.15,1.53,3.1,0,,,
10.1039/c3ta15245f,porous carbon,,acnp,h2so4,1,1332.4,85,0.77,,,955,,,,,,,
10.1039/c3ta15245f,porous carbon,,acns,h2so4,1,1957,315,1.5,,,687.3,,,,,,,
10.1039/c3ta15245f,porous carbon,,acnt,h2so4,1,2005.9,319,1.6,0.55,,1104.3,1.12,0.1,6.27,0,,,
10.1039/c3ta15245f,porous carbon,,acnp,emimbf4,3.5,1332.4,83.5,0.77,,,955,,,,,,,
10.1039/c3ta15245f,porous carbon,,acns,emimbf4,3.5,1957,110,1.5,,,687.3,,,,,,,
10.1039/c3ta15245f,porous carbon,,acnt,emimbf4,3.5,2005.9,140,1.6,0.55,,1104.3,1.12,0.1,6.27,0,,,
10.1039/c4ta03490b,porous carbon,,,koh,1,1427.7,378.5,5.91,0.568,0.223,510.4,,3.73,4.07,0,,,
10.1039/c4ta03490b,porous carbon,,,koh,1,1036.6,263.4,4.76,0.563,0.12,268.8,,1.8,4.37,0,,,
10.1021/jp501742x,N-doped porous carbon,,,koh,1,3034.8,189,,1.17,,,3.255,5.08,11.91,0,,,
10.1021/jp501742x,N-doped porous carbon,,,koh,1,3384.3,219,,1.17,,,4.182,5.67,11.64,0,,,
10.1021/jp501742x,N-doped porous carbon,,,koh,1,3124.4,270,,1.17,,,2.739,2.34,3.93,0,,,
10.1021/jp501742x,N-doped porous carbon,,,koh,1,3336.7,247,,1.17,,,3.412,0.63,3.53,0,,,
10.1039/c4ta00936c,graphene,,,koh,1,343,7.86,1.6,0.62,0.14,,1.38,0,1.54,0,,,
10.1039/c4ta00936c,B-doped graphene,,,koh,1,301,19.9,1.5,0.62,0.12,,1.25,0,3.67,2.56,,,
10.1039/c4ta00936c,N-doped graphene,,,koh,1,342,22.2,1.59,0.62,0.14,,1.22,0.54,1.8,0,,,
10.1039/c4ta00936c,NB-doped graphene,,,koh,1,341,29.7,1.34,0.62,0.14,,1.03,1.02,2.85,2.39,,,
10.1039/c4ta00936c,graphene,,,koh,1,195,,0.66,0.62,0.08,,0.99,0,2.94,0,,,
10.1039/c4ta00936c,B-doped graphene,,,koh,1,121,,0.39,0.62,0.05,,0.89,0,2.71,1.74,,,
10.1039/c4ta00936c,N-doped graphene,,,koh,1,222,,0.81,0.62,0.09,,1.11,0.36,2.08,0,,,
10.1039/c4ta00936c,NB-doped graphene,,,koh,1,168,,0.6,0.62,0.06,,1.07,0.79,1,1.98,,,
10.1039/c4ta00936c,graphene,,,h2so4,1,343,2.59,1.6,0.62,0.14,,1.38,0,1.54,0,,,
10.1039/c4ta00936c,B-doped graphene,,,h2so4,1,301,34.6,1.5,0.62,0.12,,1.25,0,3.67,2.56,,,
10.1039/c4ta00936c,N-doped graphene,,,h2so4,1,342,10.6,1.59,0.62,0.14,,1.22,0.54,1.8,0,,,
10.1039/c4ta00936c,NB-doped graphene,,,h2so4,1,341,29.6,1.34,0.62,0.14,,1.03,1.02,2.85,2.39,,,
10.1002/smll.201401550,nanofiber,,,koh,1,,180,,,,,0.93,,,,,,
10.1002/smll.201401550,nanofiber,,,koh,1,,225,,,,,0.92,,,,,,
10.1002/smll.201401550,nanofiber,,,koh,1,659,325,,0.58,,,0.93,3.01,9.01,0,,,
10.1002/smll.201401550,nanofiber,,,koh,1,,175,,,,,0.95,,,,,,
10.1039/c3ra46037a,AC,,,koh,0.9,552,140,0.38,3,0.13,,2.64,,,,,,
10.1039/c3ra46037a,AC,,,koh,0.9,1616,173,0.86,2.1,0.38,,4.54,,,,,,
10.1039/c3ra46037a,AC,,,koh,0.9,2490,283,1.7,2.5,0.43,,0.55,,,,,,
10.1039/c4ta00538d,porous carbon,,,koh,1,803,150,5.5,,,,,0,5.68,0,,,
10.1039/c4ta00538d,graphene,,,koh,1,406,275,0.2,4.3,,,,0,30.74,0,,,
10.1039/c4ta00538d,porous carbon,graphene,,koh,1,460,324,0.36,7.3,,,,0,11.82,0,,,
10.1039/c4ta02167c,3D porous carbon,,,koh,1,477,80,0.23,1.96,,412,1.01,,,,,,
10.1039/c4ta02167c,3D porous carbon,,,koh,1,1292,,0.56,1.73,,1193,,,,,,,
10.1039/c4ta02167c,3D porous carbon,,,koh,1,1734,220,0.82,1.87,,1511,,,,,,,
10.1039/c4ta02167c,3D porous carbon,,,koh,1,2322,,1.24,2.14,,1933,,,,,,,
10.1039/c4ta02167c,3D porous carbon,,,koh,1,2753,307,1.54,2.23,,2131,1.12,,,,,,
10.1039/c4ta02167c,3D porous carbon,,,koh,1,613,,0.29,1.93,,503,,,,,,,
10.1039/c4ta02167c,3D porous carbon,,,koh,1,2086,250,1.1,2.1,,1635,,,,,,,
10.1002/chem.201402897,3D carbon,graphene,rgo,koh,1,178,126,2.86,,0.04,76,1.69,,,,,,
10.1002/chem.201402897,3D carbon,graphene,rdc,koh,1,1288,241,0.82,2.6,0.36,673,1.69,,,,,,
10.1002/chem.201402897,3D carbon,graphene,grdc,koh,1,2034,275,1.78,3.5,0.28,514,1.93,,,,,,
10.1002/chem.201402897,3D carbon,,,emimbf4,3,178,58,2.86,,0.04,76,1.69,,,,,,
10.1002/chem.201402897,3D carbon,,,emimbf4,3,1288,100,0.82,2.6,0.36,673,1.69,,,,,,
10.1002/chem.201402897,3D carbon,,,emimbf4,3,2034,151.7,1.78,3.5,0.28,514,1.93,,,,,,
10.1039/c4cp00550c,porous carbon,,paf,koh,1.2,5340,,2.43,1.4,1.44,,,,,,,,
10.1039/c4cp00550c,porous carbon,,n2paf,koh,1.2,880,146,0.44,0.6,0.3,,,0.2,14.2,1.02,,,
10.1039/c4cp00550c,porous carbon,,co2paf,koh,1.2,1513,159,0.8,0.64,0.46,,,0.2,14.26,1.02,,,
10.1039/c4cp00550c,porous carbon,,napaf,koh,1.2,1916,190,1.36,0.93,0.39,,,0.2,12.9,1.02,,,
10.1039/c4cp00550c,porous carbon,,kpaf,koh,1.2,2926,280,1.45,0.79,1.14,,,0.2,7.67,1.02,,,
10.1039/c4cp00550c,porous carbon,,charcoal,koh,1.2,836,80,0.5,0.67,0.27,,,,,,,,
10.1039/c4cp00550c,porous carbon,,kpaf,teabf4,2,2926,142,1.45,0.79,1.14,,,0.2,7.67,1.02,,,
10.1039/c4cp00550c,porous carbon,,kpaf,emimbf4,2,2926,156,1.45,0.79,1.14,,,0.2,7.67,1.02,,,
10.1039/c4cp00550c,porous carbon,,kpaf,bmimbf4,2,2926,167,1.45,0.79,1.14,,,0.2,7.67,1.02,,,
10.1039/c4cp00550c,porous carbon,,kpaf,teabf4,2,2926,125,1.45,0.79,1.14,,,0.2,7.67,1.02,,,
10.1039/c4cp00550c,porous carbon,,kpaf,emimtfsi,2,2926,203,1.45,0.79,1.14,,,0.2,7.67,1.02,,,
10.1039/c4cp00550c,porous carbon,,600,koh,1.2,2325,203,1.1,,0.88,,,,,,,,
10.1039/c4cp00550c,porous carbon,,800,koh,1.2,2857,240,1.44,,1.11,,,,,,,,
10.1039/c3ee43979h,N-doped carbon,,hfc,koh,1,17.8,,,,,2.2,1,8.4,9.5,0,,,
10.1039/c3ee43979h,N-doped carbon,,hfav1,koh,1,521,273,0.38,,,459.1,1,7.3,10.7,0,,,
10.1039/c3ee43979h,N-doped carbon,,2,koh,1,1217.1,556,0.46,,,1073.5,1,6.3,15.2,0,,,
10.1039/c3ee43979h,N-doped carbon,,3,koh,1,1405.6,420,0.73,,,1211.3,1,4.2,13.6,0,,,
10.1039/c3ee43979h,AC,,ac,koh,1,1840.3,180,1.17,,,1186.7,1,0,4.5,0,,,
10.1039/c3ee43979h,N-doped carbon,,,h2so4,1,521,227,0.38,,,459.1,1,7.3,10.7,0,,,
10.1039/c3ee43979h,N-doped carbon,,,h2so4,1,1217.1,525,0.46,,,1073.5,1,6.3,15.2,0,,,
10.1039/c3ee43979h,N-doped carbon,,,h2so4,1,1405.6,409,0.73,,,1211.3,1,4.2,13.6,0,,,
10.1039/c3ee43979h,AC,,,h2so4,1,1840.3,182,1.17,,,1186.7,1,0,4.5,0,,,
10.1039/c4ra08519a,GO,,go,koh,1,45.2,,0.7,,,,0.64,0,21.74,0,,,
10.1039/c4ra08519a,rgo,,rgo,koh,1,305.1,89,2.5,,,,,0,4.81,0,,,
10.1039/c4ra08519a,porous graphene,,crgo-10,koh,1,124.5,112,1.1,,,,0.81,0,10.1,0,,,
10.1039/c4ra08519a,porous graphene,,30,koh,1,427.3,143,2.8,,,,1.12,0,8.19,0,,,
10.1039/c4ra08519a,porous graphene,,60,koh,1,1218.5,291,5.3,,,,1.73,0,3.95,0,,,
10.1007/s10854-013-1621-4,porous carbon,,600,koh,1,686.8,111,0.91,5.3,0.25,,,,,0,,,
10.1007/s10854-013-1621-4,porous carbon,,700,koh,1,1076.9,175,1.46,5.4,0.41,,,,,,,,
10.1007/s10854-013-1621-4,porous carbon,,800,koh,1,363,86,0.73,8.1,0.12,,,,,,,,
10.1007/s10854-013-1621-4,porous carbon,,900,koh,1,521,91,0.74,5.7,0.19,,,,,,,,
10.1021/am502604u,graphene,CNT,,koh,0.9,263,162.3,0.28,4.7,,,1.03,,,,,,
10.1002/elan.201300161,S-doped porous carbon,,,h2so4,1,700,138,0.473,0.211,0.161,,,0,10.7,0,2.9,,
10.1002/elan.201300161,S-doped porous carbon,graphene,,h2so4,1,755,178,0.587,0.271,0.21,,,0,10,0,2.6,,
10.1002/elan.201300161,S-doped porous carbon,graphene,,h2so4,1,831,144,0.589,0.283,0.217,,,0,11.2,0,3.1,,
10.1002/elan.201300161,S-doped porous carbon,graphene,,h2so4,1,847,157,0.605,0.307,0.237,,,0,8.9,0,2.6,,
10.1021/sc500069h,CNT,,,h2so4,0.8,272,20,0.68,,0.05,,,0,,,,,
10.1021/sc500069h,N-doped carbon,CNT,,h2so4,0.8,200,50,0.45,,0.04,,,1.8,,,,,
10.1021/sc500069h,N-doped carbon,CNT,,h2so4,0.8,172,56,0.45,,0.03,,,2.5,,,,,
10.1039/c4ra05881j,N-doped carbon,,700,koh,1,1305,199,0.586,1,0.505,1255,,2.42,32.64,0,,,
10.1039/c4ra05881j,N-doped carbon,,750,koh,1,1505,214,0.679,1,0.588,1443,,2.35,21.31,0,,,
10.1039/c4ra05881j,N-doped carbon,,800,koh,1,1586,232,0.795,1,0.688,1499,,2.09,10.22,0,,,
10.1039/c4ra05881j,N-doped carbon,,850,koh,1,1598,221,0.862,1,0.737,1508,,1.89,7.91,0,,,
10.1039/c4ra05881j,N-doped carbon,,900,koh,1,1424,176,0.784,1,0.663,1334,,1.68,7.23,0,,,
10.1021/sc500118r,CNT,,,na2so4,1.8,325.48,29,0.24,5.32,0.09,,,0,4.43,0,,,
10.1021/sc500118r,N-doped AC,CNT,,na2so4,1.8,489.39,78,0.37,6.23,0.11,,,,,,,,
10.1021/sc500118r,N-doped AC,CNT,,na2so4,1.8,1889.12,105.4,1.72,3.78,0.61,,,6.71,7.89,0,2.28,,
10.1007/s11814-013-0228-z,porous carbon ,,sc,h2so4,0.6,169.6,,0.246,2.9,0.052,129.84,,,,,,,
10.1007/s11814-013-0228-z,porous carbon ,,rs,h2so4,0.6,135.06,,0.196,2.7,0.042,96.04,,,,,,,
10.1007/s11814-013-0228-z,porous carbon ,,sc6,h2so4,0.6,676.95,340,0.424,1.2,0.254,620.21,,,,,,,
10.1007/s11814-013-0228-z,porous carbon ,,,h2so4,0.6,376.65,112,0.324,1,0.196,330.19,,,,,,,
10.1007/s11814-013-0228-z,porous carbon ,,sc7,h2so4,0.6,666.87,,0.387,1.4,0.232,592.46,,,,,,,
10.1007/s11814-013-0228-z,porous carbon ,,rs7,h2so4,0.6,366.57,,0.287,1.2,0.175,312.46,,,,,,,
10.1007/s11814-013-0228-z,porous carbon ,,sc8,h2so4,0.6,549.78,92,0.338,1,0.192,459.41,,,,,,,
10.1007/s11814-013-0228-z,porous carbon ,,,h2so4,0.6,349.98,56,0.238,0.9,0.152,279.41,,,,,,,
10.1039/c4nr00538d,porous graphene,,,koh,0.9,1754,303,2.81,3,,,,,,,,,
,,,,teabf4,2.5,1754,140,2.81,3,,,,,,,,,
10.1039/c3ta15046a,N-doped porous carbon,,,koh,0.9,2080,270,1.23,1.89,,,,2.8,12.4,0,,,
10.1039/c3ta14278g,CMK-3,,,nh4bf4,2.5,1233,,1.59,4,0.08,176,,,,,,,
10.1007/s12540-014-5024-8,RGO,CNT,,h2so4,1,,187,,,,,,,,,,,
10.1039/c4ta02565b,porous carbon,,,koh,1.2,745,181,0.83,1,0.23,,,,,,,,
10.1039/c4ta02565b,porous carbon,,,koh,1.2,1026,175,1.71,3.2,0.16,,,,,,,,
10.1039/c4ta02565b,porous carbon,,,koh,1.2,721,164,1.68,17,0.15,,,,,,,,
10.1021/nn500150j,graphene,cnt,,koh,1,123.78,145,,0.82,,,,0,2.71,0,,,
10.1021/nn500150j,graphene,,,koh,1,311.05,170,,,,,,,,,,,
10.1021/nn500150j,graphene,,,koh,1,128.54,143,,,,,,,,,,,
10.1149/2.0111410jes,carbon,,,teabf4,4,179.1,166,0.1,,,,,0.1,5.87,0,,,
10.1149/2.0111410jes,carbon,,,teabf4,4,86.8,139.7,0.05,,,,,0.23,5.23,0,,,
10.1149/2.0111410jes,carbon,,,teabf4,4,37.6,72.6,0.01,,,,,0.15,5.11,0,,,
10.1021/sc400414r,porous carbon,,,na2so4,1,1800,133,1.2,0.63,,,,,,,,,
10.1021/sc400414r,porous carbon,,,,,,,,,,,,,,,,,
10.1039/c4ta00475b,porous carbon,,l750,koh,1,455,127.6,0.33,0.46,0.23,,0.98,,,,,,
10.1039/c4ta00475b,porous carbon,,l850,koh,1,686,200.72,0.5,0.49,0.32,,0.934,,,,,,
10.1039/c4ta00475b,porous carbon,,l950,koh,1,783,226.2,0.56,0.5,0.37,,0.926,,,,,,
10.1039/c4ta00475b,porous carbon,,l1000,koh,1,799,135.4,0.54,0.51,0.39,,0.877,,,,,,
10.1039/c4ta00475b,porous carbon,,g950,koh,1,640,182,0.47,0.48,0.33,,0.952,,,,,,
10.1039/c4ta00475b,porous carbon,,f950,koh,1,566,99.2,0.4,0.48,0.29,,0.926,,,,,,
10.1039/c4ta00475b,porous carbon,,e950,koh,1,515,144.8,0.36,0.49,0.21,,0.926,,,,,,
10.1039/c4ta00475b,porous carbon,,z950,koh,1,406,198,0.29,0.51,0.22,,0.926,,,,,,
10.1007/s10008-013-2236-7,porous carbon,,,koh,1,672,300.4,0.38,1.56,0.34,654,,0,10.48,0,,,
10.1007/s10008-013-2236-7,porous carbon,,,koh,1,1023,272.3,0.56,1.2,0.52,1006,,0,8.96,0,,,
10.1007/s10008-013-2236-7,porous carbon,,,koh,1,1380,243.4,0.78,1.25,0.59,1169,,0,8.17,0,,,
10.1039/c3ra44981e,porous carbon,,,koh,1,2008,288.3,3.44,1.4,0.27,447,,,,,,,
10.1039/c3ra44981e,porous carbon,,,emimbf4,3,2008,132.3,3.44,1.4,0.27,447,,,,,,,
10.1039/c3ra45076g,porous carbon,,,h2so4,1,705.9,411.8,,,,,,19.8,11.1,,,,
10.1039/c3ra45076g,porous carbon,,,h2so4,1,212.4,272,,,,,,15.8,4,,,,
10.1039/c4ta01465k,porous carbon,,,koh,0.9,312,125,0.26,,0.12,,0.78,1.2,5.6,,,,
10.1039/c4ta01465k,porous carbon,,,koh,0.9,1588,240.4,1.01,,0.74,,0.84,5.3,9.3,,,,
10.1039/c4ta01465k,porous carbon,,,koh,0.9,2665,279.1,1.46,,1.18,,0.81,1.1,10.9,,,,
10.1039/c4ta01465k,porous carbon,,,koh,0.9,2856,386.2,1.25,,1.1,,0.83,2.2,11.1,,,,
10.1039/c4ta01465k,porous carbon,,,koh,0.9,3253,365.9,1.72,,1.08,,0.86,0.9,7.1,,,,
10.1002/aenm.201401309,N-doped porous carbon,,,koh,1,881,,,1.78,,,,,,,,,
10.1002/aenm.201401309,N-doped porous carbon,,,koh,1,512,,,3.92,,,,,,,,,
10.1002/aenm.201401309,N-doped porous carbon,,,koh,1,458,,,4.43,,,,,,,,,
10.1002/aenm.201401309,N-doped porous carbon,,,koh,1,319,,,4.56,,,,,,,,,
10.1002/aenm.201401309,N-doped porous carbon,,,koh,1,313,,,4.6,,,,,,,,,
10.1039/c4ta06110a,nanosheet,,,h2so4,1,7.91,2.1,0.0018,,,5.24,0.68,0.6,1.9,,,,
10.1039/c4ta06110a,nanosheet,,,h2so4,1,543.68,221.3,0.25,,,539.98,0.89,1.2,8.5,,,,
10.1002/cssc.201402621,porous carbon,,,h2so4,1,1092,91,,,,,0.67,0,3.5,,,,
10.1002/cssc.201402621,porous carbon,,,h2so4,1,519,35,,,,,1.24,0,6.8,,,,
10.1002/cssc.201402621,porous carbon,,,h2so4,1,126,3,,,,,2.37,1.2,14.5,,,,
10.1002/aenm.201500771,graphene,,,koh,1,8.6,270,0.032,,,,,,37.5,,,,
10.1002/aenm.201500771,graphene,,,koh,1,7.24,353,0.021,,,,,,36.31,,,,
10.1002/aenm.201500771,graphene,,,koh,1,12.86,280,0.043,,,,,,31.51,,,,
10.1002/aenm.201500771,graphene,,,koh,1,15.79,170,0.057,,,,,,28.06,,,,
10.1002/aenm.201500771,graphene,,,koh,1,6.24,276,0.017,,,,,,23.06,,,,
10.1021/acsnano.5b04821,porous carbon,,,h2so4,1,101.8,,0.09,1,,54.7,,,,,,,
10.1021/acsnano.5b04821,porous carbon,,,h2so4,1,322.1,,0.22,0.6,,207.8,,,,,,,
10.1021/acsnano.5b04821,porous carbon,,,h2so4,1,408.6,,0.27,0.6,,267.1,,,,,,,
10.1021/acsnano.5b04821,porous carbon,,,h2so4,1,520.6,,0.32,0.5,,351.8,,,,,,,
10.1021/acsnano.5b04821,porous carbon,,ahpc600,h2so4,1,3270,425,1.94,1.5,,149.3,,0,3.8,,,,
10.1021/acsnano.5b04821,porous carbon,,,h2so4,1,3032,,1.6,1.3,,151.4,,,,,,,
10.1021/acsnano.5b04821,porous carbon,,,h2so4,1,2806,,1.38,0.8,,926.1,,,,,,,
10.1021/acsnano.5b04821,porous carbon,,,h2so4,1,2432.2,,1.4,0.6,,1048.4,,,,,,,
10.1021/acsnano.5b04821,porous carbon,,,h2so4,1,236.3,,0.11,0.5,,212.9,,,,,,,
10.1021/acsnano.5b04821,porous carbon,,ac,h2so4,1,2170,,1.02,0.6,,1173,,,,,,,
10.1021/acsnano.5b04821,porous carbon,,,teabf4,2,3270,210,1.94,1.5,,149.3,,0,3.8,,,,
10.1021/acsnano.5b04821,porous carbon,,,teabf4,2,2170,132,1.02,0.6,,1173,,,,,,,
10.1039/c4ra13482f,porous carbon,,,h2so4,0.6,1230,181,,2.13,,,,,,,,,
10.1021/acsami.5b06698,porous graphene,,,koh,1,677.5,,,3.42,,,1.11,2.16,3.16,,,,
10.1021/acsami.5b06698,,,,koh,1,1015.4,440,,3.87,,,1.07,5.04,8.76,,,,
10.1039/c4ra13720e,porous graphene,,,koh,1,715,177,0.99,1.53,,,1.47,,,,,,
10.1039/c4ra13720e,graphene,,,koh,1,220,99,0.45,,,,1.43,,,,,,
10.1039/c5ta01831e,graphene,CNT,,koh,1,811.5,212.7,,,,,0.9,,,0.9,,,
10.1039/c5ta01831e,graphene,,,koh,1,891.2,116.6,,,,,1.02,,,1.02,,,
10.1039/c4ra11028e,AC,,ks1.25,koh,1.3,1642,234,0.72,1.17,,,0.74,,,0.74,,,
10.1039/c4ra11028e,AC,,ks2.5,koh,1.3,2823,316,1.47,1.17,,,0.76,,,0.76,,,
10.1039/c4ra11028e,AC,,ks5,koh,1.3,2094,224,1.19,1.17,,,1.11,,,1.11,,,
10.1039/c4ra12635a,CNT,,,SF,1,1889.12,145,1.72,1.7,,,,,,,,,
10.1039/c4ra12635a,CNT,,,CL,1,1889.12,103,1.72,1.7,,,,,,,,,
10.1039/c5ta03899e,3D carbon,,,koh,1,376.3,240,0.205,2.181,0.134,332,,,,,,,
10.1039/c5ta03899e,3D carbon,,,koh,1,1563,245,0.876,2.242,0.695,1452,,,,,,,
10.1039/c5ta03899e,3D carbon,,,koh,1,986.7,314,0.442,1.791,0.378,943.1,,,,,,,
10.1039/c5ta03899e,3D carbon,,,koh,1,1221,290,0.664,2.176,0.528,1124,,,,,,,
10.1021/acscentsci.5b00149,3D carbon,,,h2so4,1,19,,0.08,,,,1.055,7.92,51.46,,,,
10.1021/acscentsci.5b00149,3D carbon,,,h2so4,1,18,,0.11,,,,1.049,7.43,49.71,,,,
10.1021/acscentsci.5b00149,3D carbon,,,h2so4,1,62,,0.11,,,,0.983,8.28,45.72,,,,
10.1021/acscentsci.5b00149,3D carbon,,,h2so4,1,48,,0.17,,,,0.918,9.11,41.89,,,,
10.1021/acscentsci.5b00149,3D carbon,,,h2so4,1,148,,0.22,,,,0.894,5.65,36.35,,,,
10.1021/acscentsci.5b00149,3D carbon,,,h2so4,1,423,,0.38,,,,0.914,4.09,33.91,,,,
10.1021/acscentsci.5b00149,3D carbon,,hpg,h2so4,1,4073,225,2.26,,,,1.121,0.55,17.88,,,,
10.1021/acscentsci.5b00149,3D carbon,,,h2so4,1,3741,,2.2,,,,0.987,1.18,20.11,,,,
10.1021/acscentsci.5b00149,3D carbon,,,h2so4,1,3005,,1.93,,,,0.977,0.92,22.21,,,,
10.1021/acscentsci.5b00149,3D carbon,,,h2so4,1,2619,,1.63,,,,0.941,1.6,30.03,,,,
10.1021/acscentsci.5b00149,3D carbon,,,h2so4,1,1548,,0.96,,,,0.936,1.17,23.62,,,,
10.1021/acscentsci.5b00149,3D carbon,,,h2so4,1,2269,,1.39,,,,0.832,2.33,17.17,,,,
10.1021/acsami.5b02453,porous carbon,,,koh,1,937,,,2.5,,,,,,,,,
10.1021/acsami.5b02453,porous carbon,,,koh,1,1690,,,2.3,,,,,,,,,
10.1021/acsami.5b02453,porous carbon,,,koh,1,2340,280,,2.7,,,,,,,,,
10.1039/c5nj02080h,N-doped AC,,SC,koh,1,300,114,0.35,,,,,6.88,5.95,,,,1.12
10.1039/c5nj02080h,N-doped AC,,SC1,koh,1,1098.5,332,0.61,,,,,5.97,12.76,,,,0.98
10.1039/c5nj02080h,N-doped AC,,SC2,koh,1,1134.2,310,0.66,,,,,4.83,13.9,,,,0.78
10.1039/c5nj02080h,N-doped AC,,SC4,koh,1,871.7,234,0.55,,,,,3.42,17.69,,,,0.41
10.1039/c5nj02080h,N-doped AC,,,emibf4,3,1098.5,120,0.61,,,,,5.97,12.76,,,,0.98
10.1007/s10800-015-0840-1,CDC,,,koh,1,1489,191,0.646,1.14,0.554,,2.37,,,,,,
10.1007/s10800-015-0840-1,CDC,,,koh,1,1684,140,1.162,,0.203,,1.46,,,,,,
10.1149/2.0971509jes,AC,,,koh,1,1383,125,0.99,1.98,0.75,,,,,,,,
10.1149/2.0971509jes,carbon,,,koh,1,1651,160,1.14,2.87,0.19,,,,,,,,
10.1149/2.0971509jes,carbon,,,koh,1,2859,272,1.39,2,0.89,,,,,,,,
10.1021/am5087374,porous carbon,CNT,,h2so4,0.9,44,,0.21,,,,,,,,,,
10.1021/am5087374,porous carbon,CNT,,h2so4,0.9,498,,0.3,,0.17,418,,,,,,,
10.1021/am5087374,porous carbon,CNT,,h2so4,0.9,549,,0.32,,0.2,493,,,,,,,
10.1021/am5087374,porous carbon,CNT,,h2so4,0.9,609,,0.31,,0.24,563,,,,,,,
10.1021/am5087374,porous carbon,CNT,,h2so4,0.9,818,,0.34,,0.28,757,,,,,,,
10.1021/am5087374,porous carbon,CNT,,h2so4,0.9,998,,0.99,,0.3,739,,,,,,,
10.1021/am5087374,porous carbon,CNT,,h2so4,0.9,1059,,0.82,,0.35,886,,,,,,,
10.1021/am5087374,porous carbon,CNT,,h2so4,0.9,1042,,0.65,,0.37,933,,,,,,,
10.1021/am5087374,porous carbon,CNT,,h2so4,0.9,1014,,0.56,,0.37,941,,,,,,,
10.1021/am5087374,porous carbon,CNT,,h2so4,0.9,1020,131.8,0.45,,0.38,762,,,,,,,
10.1021/am5087374,porous carbon,CNT,,h2so4,0.9,1240,177.3,0.79,,0.47,1109,,,,,,,
10.1021/am5087374,porous carbon,CNT,,h2so4,0.9,1598,210.7,0.81,,0.61,1458,,,,,,,
10.1021/am5087374,porous carbon,CNT,,h2so4,0.9,1705,237,0.82,,0.75,1582,,,,,,,
10.1021/am507999s,CNT,GO,,h2so4,1,,252,,,,,1.18,,,,,,
10.1021/am507999s,CNT,GO,,h2so4,1,,,,,,,1.01,,,,,,
10.1038/ncomms9503,NF-doped carbon,,,koh,1,1.9,153.3,,,,,1.01,9.89,5.75,,,,
10.1038/ncomms9503,NF-doped carbon,,,koh,1,1.4,189,0.015,0.55,,,0.88,8.76,4.24,,,,
10.1038/ncomms9503,NF-doped carbon,,,h2so4,1,1.4,270,0.015,0.55,,,0.88,8.76,4.24,,,,
10.1021/acs.nanolett.5b03923,3D graphene,,,h2so4,0.9,,95,,10,,,1.21,,0.6,,,,
10.1021/acs.nanolett.5b03923,3D graphene,,,h2so4,0.9,1591,303,2.62,5.5,,,2.51,,4.62,,,,
10.1021/acsami.6b08845,CNT,,hsSWNT,koh,1,950,98,,1.2,,,0.09,0,5.35,,,,
10.1021/acsami.6b08845,CNT,,SWNT,koh,1,805,91,,1.2,,,0.09,0,5.3,,,,
10.1039/c6ta01314g,N-doped porous carbon,,,koh,0.8,315,130,0.65,5.1,,129,,3.7,33.8,,,,
10.1039/c6ta01314g,N-doped porous carbon,,,koh,0.8,1087,310,0.6,1.2,,801,,7.5,28.2,,,,
10.1039/c6ta01314g,N-doped porous carbon,,,koh,0.8,1113,348,0.68,1.13,,889,,3.6,25.9,,,,
10.1039/c6ta01314g,N-doped porous carbon,,,koh,0.8,1343,250,0.73,1.15,,1039,,2.1,16,,,,
10.1039/c6ta01314g,N-doped porous carbon,,,koh,0.8,2032,362,0.83,0.64,,1735,,3.6,26.7,,,,
10.1021/acs.chemmater.6b03964,BN-doped carbon,CNT,BNC-CNT,h2so4,1,690,213,1.53,0.7,0.137,,,10.8,6.9,6.9,,,
10.1021/acs.chemmater.6b03964,BN-doped carbon,,Bulk BNC,h2so4,1,814,427,1.4,0.6,0.182,,,11.6,10.1,9.6,,,
10.1021/acs.chemmater.6b03964,cnt,,CNT,h2so4,1,294,25,1.39,1.2,0.05,,,0,6.1,0,,,
10.1021/acs.chemmater.6b03964,BN-doped carbon,graphene,BNC-G,h2so4,1,798,288,1.43,1,0.181,,,,,,,,
10.1021/acs.chemmater.6b03964,graphene,,G,h2so4,1,524,36,2.28,1.1,0.102,,,,,,,,
10.1021/acs.chemmater.6b03964,AC,,YP50,h2so4,1,1566,127,0.82,1,0.63,,,0,0,0,,,
10.1021/acs.chemmater.6b03964,BN-doped carbon,,BNC-CNT,teabf4,2.5,690,110,1.53,0.7,0.137,,,10.8,6.9,6.9,,,
10.1021/acs.chemmater.6b03964,BN-doped carbon,,Bulk BNC,teabf4,2.5,814,94,1.4,0.6,0.182,,,11.6,10.1,9.6,,,
10.1021/acs.chemmater.6b03964,cnt,,CNT,teabf4,2.5,294,22,1.39,1.2,0.05,,,0,6.1,0,,,
10.1021/acs.chemmater.6b03964,BN-doped carbon,,BNC-G,teabf4,2.5,798,126,1.43,1,0.181,,,,,,,,
10.1021/acs.chemmater.6b03964,graphene,,G,teabf4,2.5,524,32.1,2.28,1.1,0.102,,,,,,,,
10.1021/acs.chemmater.6b03964,AC,,YP50,teabf4,2.5,1566,87,0.82,1,0.63,,,0,0,0,,,
10.1039/c6ta06337c,NS-doped porous carbon,,450,h2so4,0.9,,320,,,,,0.93,9.01,25,,0.35,,
10.1039/c6ta06337c,NS-doped porous carbon,,550,h2so4,0.9,1591,419,0.7,1.9,,,0.93,5.27,21,,0.26,,
10.1039/c6ta06337c,NS-doped porous carbon,,650,h2so4,0.9,3047,352,1.6,2.3,,,0.94,2.28,10,,0.33,,
10.1039/c6ta06337c,NS-doped porous carbon,,750,h2so4,0.9,3068,312,2,2.8,,,0.98,1.67,7,,0.35,,
10.1039/c6ta06337c,NS-doped porous carbon,,850,h2so4,0.9,,239,,,,,1,0.81,7,,0.32,,
10.1039/c6ta06337c,NS-doped porous carbon,,450,koh,0.8,,326,,,,,0.93,9.01,25,,0.35,,
10.1039/c6ta06337c,NS-doped porous carbon,,550,koh,0.8,1591,350,0.7,1.9,,,0.93,5.27,21,,0.26,,
10.1039/c6ta06337c,NS-doped porous carbon,,650,koh,0.8,3047,330,1.6,2.3,,,0.94,2.28,10,,0.33,,
10.1039/c6ta06337c,NS-doped porous carbon,,750,koh,0.8,3068,255,2,2.8,,,0.98,1.67,7,,0.35,,
10.1039/c6ta06337c,NS-doped porous carbon,,850,koh,0.8,,237,,,,,1,0.81,7,,0.32,,
10.1021/acsami.6b08511,carbon nanoparticle,rgo,11,koh,0.8,196.5,185,,3.78,,,1.01,,,,,,
10.1021/acsami.6b08511,carbon nanoparticle,rgo,13,koh,0.8,192.7,310.8,,3.78,,,0.98,0.89,9.39,,,,
10.1021/acsami.6b08511,carbon nanoparticle,rgo,15,koh,0.8,133.2,240,,3.37,,,0.76,1.76,14.7,,,,
10.1021/acsami.6b08511,rgo,,,koh,0.8,102.6,251.7,,3.37,,,0.53,,,,,,
10.1002/cjoc.201600320,porous carbon,,,koh,0.9,1128.7,198.2,0.58,1.9,0.58,,0.85,0.89,9.25,,0.21,,
10.1002/cjoc.201600320,porous carbon,,,koh,0.9,1358.2,217.2,0.74,2.8,0.65,,0.87,0.08,8.11,,0.16,,
10.1002/cjoc.201600320,porous carbon,,,koh,0.9,1829.7,238.2,1.05,2.5,0.75,,0.84,0.37,6.34,,0.02,,
10.1039/c6ra07825g,N-doped graphene,,rSH,koh,1,102.6,160,,3.9,,,1.1,5.5,6.8,,,,
10.1039/c6ra07825g,N-doped graphene,,rRb,koh,1,423.2,378,,3.9,,,1.1,5.9,9.6,,,,
10.1039/c6ra07825g,N-doped graphene,,rDot,koh,1,290.5,270,,3.9,,,1.1,6.3,11.5,,,,
10.1021/acssuschemeng.5b00926,N-doped porous carbon,,100,koh,1,145.4,12,0.09,2.4,,145.4,1.16,1.49,7.33,,,,
10.1021/acssuschemeng.5b00926,N-doped porous carbon,,102,koh,1,760.49,150,0.51,2.68,,734.59,1.22,3.9,9.48,,,,
10.1021/acssuschemeng.5b00926,N-doped porous carbon,,120,koh,1,584.98,148,1.07,7.31,,370.73,1.25,0.92,7.38,,,,
10.1021/acssuschemeng.5b00926,N-doped porous carbon,,121,koh,1,945.76,260,1.39,5.89,,778.15,1.34,5.59,6.91,,,,
10.1021/acssuschemeng.5b00926,N-doped porous carbon,,122,koh,1,805.58,323,0.68,3.38,,632.54,1.51,8.34,9.24,,,,
10.1021/acssuschemeng.5b00926,N-doped porous carbon,,,koh,1,718.57,185,0.64,3.57,,,,9.46,,,,,
10.1021/acssuschemeng.5b00926,N-doped porous carbon,,,koh,1,1187.35,110,1.07,3.62,,,,2.66,,,,,
10.1002/adfm.201602459,porous carbon,,,et4nbf4,4,1940,125,2.79,5.8,0.47,,,,,,,,
10.1039/c6ra18246a,porous carbon,,bgc,koh,1,1096,110,,,,,1.005,,,,,,
10.1039/c6ra18246a,porous carbon,,nac,koh,1,1171,168,,,,,0.98,,,,,,
10.1039/c6ra18246a,porous carbon,,bngc,koh,1,998,208,,,,,0.95,,,,,,
10.1002/ cssc.201600426,AC,,hg240-kb6,h2so4,1,3050,246,2.1,,0.96,,,4.16,6.63,,,,
10.1002/ cssc.201600426,carbon,,hg180-koh,h2so4,1,3400,270,2.4,,1.09,,,1.4,4.8,,,,
10.1002/ cssc.201600426,carbon,,hg240-kb6,li2so4,1.6,3050,169,2.1,,0.96,,,4.16,6.63,,,,
10.1002/ cssc.201600426,carbon,,hg180-koh,li2so4,1.6,3400,184,2.4,,1.09,,,1.4,4.8,,,,
10.1002/ cssc.201600426,carbon,,hg240-kb6,pure emimbf4,3,3050,138,2.1,,0.96,,,4.16,6.63,,,,
10.1002/ cssc.201600426,carbon,,hg180-koh,pure emimbf4,3,3400,136,2.4,,1.09,,,1.4,4.8,,,,
10.1002/ cssc.201600426,carbon,,hg240-kb6,emimbf4,3,3050,154,2.1,,0.96,,,4.16,6.63,,,,
10.1002/ cssc.201600426,carbon,,hg180-koh,emimbf4,3,3400,161,2.4,,1.09,,,1.4,4.8,,,,
10.1039/c6ra06424h,porous carbon,,,koh,1,679,306,1.63,1,,,0.83,,,,,,
10.1039/c6ra16153g,n-doped carbon,graphene,,h2so4 pva,1,239,49,0.54,2.7,,,,,,,,,
10.1039/c6ra16153g,n-doped carbon,graphene,,h2so4 pva,1,207,53,0.38,2.1,,,,2,2.6,,,,
10.1039/c6ra16153g,n-doped carbon,,,h2so4 pva,1,421,25,,3.9,,,,,,,,,
10.1039/c6ra16153g,n-doped carbon,,,h2so4 pva,1,521,18,,4,,,,,,,,,
10.1039/c6ra20373f,AC,,,koh,1,42.7,57.2,0.03,,0.03,,,0.5,13.8,,1,,
10.1039/c6ra20373f,AC,,,koh,1,1537,201.3,0.83,,0.53,,,0,5.8,,1.2,,
10.1039/c6ra20373f,AC,,,koh,1,2359,370.1,1.3,,0.6,,,0,6,,1,,
10.1039/c6ra20373f,AC,,,koh,1,2422,330.2,1.4,,0.37,,,0,8.5,,1.1,,
10.1039/c6ra20373f,AC,,,koh,1,1422,220,0.8,,0.32,,,0,5.6,,0.9,,
10.1039/c6ra20373f,AC,,,h2so4,1,42.7,,0.03,,0.03,,,0.5,13.8,,1,,
10.1039/c6ra20373f,AC,,,h2so4,1,1537,218.3,0.83,,0.53,,,0,5.8,,1.2,,
10.1039/c6ra20373f,AC,,,h2so4,1,2359,294.2,1.3,,0.6,,,0,6,,1,,
10.1039/c6ra20373f,AC,,,h2so4,1,2422,314,1.4,,0.37,,,0,8.5,,1.1,,
10.1039/c6ra20373f,AC,,,h2so4,1,1422,169.4,0.8,,0.32,,,0,5.6,,0.9,,
10.1039/c5ra23735a,N-doped AC,,,koh,1,443.106,85,0.238,2.145,0.174,,,,,,,,
10.1039/c5ra23735a,N-doped AC,,,koh,1,1844.401,140,0.988,2.144,0.481,,,,,,,,
10.1039/c5ra23735a,N-doped AC,,,koh,1,1204.138,160,0.514,3.021,0.242,,,,,,,,
10.1039/c5ra23735a,N-doped AC,,,koh,1,2216.755,230,1.443,2.605,0.386,,,,,,,,
10.1039/c5ra23735a,N-doped AC,,,koh,1,2324.359,185,1.215,2.092,0.566,,,,,,,,
10.1021/acssuschemeng.7b02488,porous carbon,,,h2so4,0.8,241,50,0.35,3.13,,89,,,,,,,
10.1021/acssuschemeng.7b02488,porous carbon,,,h2so4,0.8,253,67,0.27,4.04,,105,,,,,,,
10.1021/acssuschemeng.7b02488,porous carbon,,,h2so4,0.8,264,140,0.54,4.88,,110,,,,,,,
10.1021/acssuschemeng.7b02488,porous carbon,,,h2so4,0.8,1339,186,0.76,2.27,,606,,,,,,,
10.1021/acssuschemeng.7b02488,porous carbon,,,h2so4,0.8,2076,266,1.2,2.22,,792,,,,,,,
10.1021/acssuschemeng.7b02488,porous carbon,,,h2so4,0.8,1652,190,0.92,2.23,,721,,,,,,,
10.1039/c7ra07984b,N-doped porous carbon,,,koh,1,1264,236,0.56,0.8,0.4,,1.01,9.2,15.5,,,,
10.1039/c7ra07984b,N-doped porous carbon,,,koh,1,1803,285,0.8,1.1,0.57,,0.98,6.5,15.8,,,,
10.1039/c7ra07984b,N-doped porous carbon,,,koh,1,2695,263,1.2,1.1,0.61,,1.02,3.4,17.5,,,,
10.1039/c7ra07984b,N-doped porous carbon,,,koh,1,1438,248,0.82,0.9,0.44,,0.91,0.6,11.9,,,,
10.1039/c6ta07927j,AC,CNT,,pure emimbf4,4,1921.7,307.9,1.47,3.06,0.394,814.6,1.905,0.93,6.4,,,,
10.1039/c6ta07927j,AC,CNT,,pure emimbf4,4,2855.7,344.1,1.58,2.21,0.232,630.9,1.74,0.51,5.07,,,,
10.1039/c7gc00506g,porous carbon,,,koh,1,1290,289,0.59,,0.55,,0.88,0.6,3.3,,,,
10.1039/c7gc00506g,porous carbon,,,koh,1,1355,354,0.62,,0.56,,0.9,0.7,4.4,,,,
10.1039/c7gc00506g,porous carbon,,,koh,1,1660,420,0.78,,0.66,,0.94,0.7,4.7,,,,
10.1039/c7gc00506g,porous carbon,,,pure emitfsi,2.5,1290,130,0.59,,0.55,,0.88,0.6,3.3,,,,
10.1039/c7gc00506g,porous carbon,,,pure emitfsi,2.5,1355,152,0.62,,0.56,,0.9,0.7,4.4,,,,
10.1039/c7gc00506g,porous carbon,,,pure emitfsi,2.5,1660,218,0.78,,0.66,,0.94,0.7,4.7,,,,
10.1021/acsami.7b09801,N-doped porous carbon,,600,h2so4,1,1009,277,0.52,2,,,0.96,7.18,6.57,,,,
10.1021/acsami.7b09801,N-doped porous carbon,,650,h2so4,1,1245,292,0.67,2.1,,,1.02,5.72,6.05,,,,
10.1021/acsami.7b09801,N-doped porous carbon,,700,h2so4,1,1638,302,0.89,2.2,,,1.45,4.36,5.29,,,,
10.1021/acssuschemeng.7b00058,porous carbon,,,pure emitfsi,3.4,1089,135,0.48,,,,2.21,0,7,,1,,
10.1021/acssuschemeng.7b00058,porous carbon,,,pure emitfsi,3.4,1230,125,0.51,,,,2.38,0,8,,1,,
10.1021/acssuschemeng.7b00058,porous carbon,,,pure emitfsi,3.4,1263,125,0.54,,,,1.97,0,8,,0,,
10.1021/acssuschemeng.7b00058,porous carbon,,,pure emitfsi,3.4,1886,231,0.86,,,,2,0,8,,0,,
10.1021/acsami.7b07058,porous carbon,,,cscl,1.2,742,56,0.48,,0.19,113,,,,,,,
10.1021/acsami.7b07058,porous carbon,,,cscl,1.2,991,68,0.59,,0.29,250,,,,,,,
10.1039/c6nr08987a,CNT,,mwcnt,h2so4,0.9,282,85.8,1.28,18.15,0.01,17.7,1.1,0,0,,,,
10.1039/c6nr08987a,N-doped porous carbon,,npc L,h2so4,0.9,999.7,166.7,0.79,3.17,0.27,660.8,1.72,10.193,4.335,,,,
10.1039/c6nr08987a,N-doped porous carbon,CNT,mwcnt npc m,h2so4,0.9,898.6,155.7,0.57,2.53,0.31,662.8,,,,,,,
10.1039/c6nr08987a,N-doped porous carbon,CNT,s,h2so4,0.9,642.5,192.1,0.53,2.22,0.21,548.8,1.53,10.969,4.735,,,,
10.1039/c6nr08987a,N-doped porous carbon,CNT,m,h2so4,0.9,884.6,222.6,0.57,2.57,0.29,748.9,1.53,10.081,3.52,,,,
10.1039/c6nr08987a,N-doped porous carbon,CNT,l,h2so4,0.9,928.2,293.4,0.64,2.74,0.28,691.8,1.53,10.454,2.492,,,,
10.1002/ chem.201702544,porous carbon,,Apct,koh,1,1325,159,0.884,1.33,0.537,,1.02,1.17,8.1,,,,
10.1002/ chem.201702544,porous carbon,,apcs,koh,1,1417,190,1.56,2.22,0.598,,1.01,1.99,10.13,,,,
10.1002/ chem.201702544,porous carbon,,apcspct,koh,1,1684,224,1.57,1.86,0.705,,1.008,1.15,4.43,,,,
10.1021/acsami.7b03368,porous carbon,CNT,HPCF1,koh,1,330.2,177.4,0.44,3,,,,0,6.47,,,,
10.1021/acsami.7b03368,porous carbon,CNT,HPCF2,koh,1,449.3,249.4,0.53,3.39,,,,0,5.42,,,,
10.1021/acsami.7b03368,porous carbon,CNT,HPCF3,koh,1,524.9,356.1,0.56,3.75,,,,0,3.83,,,,
10.1021/acsami.7b03368,porous carbon,CNT,HPCF4,koh,1,620.1,381.2,0.63,3.94,,,,0,2.52,,,,
10.1021/acsami.7b03368,porous carbon,CNT,HPCF5,koh,1,569.3,323.7,0.61,3.73,,,,0,2.1,,,,
10.1021/acsami.7b03368,porous carbon,,PCF4,koh,1,681.3,215.8,0.51,5.34,,,,,,,,,
10.1038/srep40259,N-doped porous carbon,CNT,ACM-1,h2so4,1,4.7,10,0.026,27.2,0.002,,3.91,17.2,3.6,,,,
10.1038/srep40259,N-doped porous carbon,CNT,ACM-2,h2so4,1,8.1,,0.032,26.1,0.004,,3.46,12.8,4.7,,,,
10.1038/srep40259,N-doped porous carbon,CNT,ACM-3,h2so4,1,13.7,,0.025,33.3,0.005,,3.54,12.4,3,,,,
10.1038/srep40259,N-doped porous carbon,CNT,ACM-4,h2so4,1,187.5,75.6,0.17,3.08,0.067,,3.32,9.2,2.4,,,,
10.1038/srep40259,N-doped porous carbon,CNT,ACM-5,h2so4,1,551.2,184,0.317,2.93,0.217,,3.36,3.1,3.2,,,,
10.1038/srep40259,N-doped porous carbon,CNT,ACMCNT-6,h2so4,1,8.5,58,0.011,16.4,0.005,,2.69,15.8,3.2,,,,
10.1038/srep40259,N-doped porous carbon,CNT,ACMCNT-7,h2so4,1,613.8,216,0.366,3.09,0.237,,2.38,9,6.3,,,,
10.1186/s11671-017-2151-4,porous carbon,AC,cgcf,koh,1,252,,0.12,,0.1,239,0.97,,,,,,
10.1186/s11671-017-2151-4,porous carbon,,cgacf,koh,1,1435,218,0.87,,0.42,852,0.87,,,,,,
10.1186/s11671-017-2151-4,AC,,,koh,1,1282,175,0.58,,0.48,1192,,,,,,,
10.1039/c6ra26141h,porous carbon,,A-NSC,koh,1,2385,294,1.36,3.53,,1173,0.8,0,8.3,,,,
10.1039/c6ra26141h,porous carbon,,A-N-MSC1,koh,1,2795,360,1.58,3.39,,1140,0.84,0.95,7.1,,,,
10.1039/c6ra26141h,porous carbon,,A-N-MSC2,koh,1,3003,390,1.62,2.56,,1278,0.86,1.7,5.79,,,,
10.1039/c6ra26141h,porous carbon,,NSC,koh,1,10.81,,,,,,,0,22.3,,,,
10.1039/c6ra26141h,porous carbon,,N-MCS1,koh,1,0.93,,,,,,,2.78,17.51,,,,
10.1039/c6ra26141h,porous carbon,,N-MCS2,koh,1,0.19,,,,,,,4.24,16.06,,,,
10.1039/c6ra26141h,porous carbon,,A-H-MSC,koh,1,1789,,0.99,3.2,,825,,,,,,,
10.1039/c6ra26141h,porous carbon,,A-Na-MSC,koh,1,1630,,0.81,3.35,,1207,,,,,,,
10.1039/c7ta05512a,porous carbon,,,h2so4,1,1467.5,243.7,,0.7,,,0.72,0,0,,,,
10.1039/c7ta05512a,porous carbon,,,emimbf4,3,1467.5,121,,0.7,,,0.72,0,0,,,,
10.1039/c7ta05710e,N-doped porous carbon,graphene,,koh,1,498.5,238,0.941,1.1,0.127,,0.71,4.11,15.93,,,,
10.1039/c7ta05710e,N-doped porous carbon,,,koh,1,665,175,0.626,1.2,0.23,,1.01,5.82,11.88,,,,
10.1039/c7nj01127j,porous carbon,,700,h2so4,1,847.9,220,0.44,5.181,0.371,,0.92,1.45,25.07,,,,
10.1039/c7nj01127j,porous carbon,,800,h2so4,1,891.8,272,0.613,4.017,0.366,,0.8,0.96,18.74,,,,
10.1039/c7nj01127j,porous carbon,,900,h2so4,1,878.2,250,0.537,3.981,0.37,,0.78,1.02,15.88,,,,
10.1039/c7nj01127j,porous carbon,,u800,h2so4,1,1776.9,306.5,0.993,4.441,0.763,,0.92,2.65,16.34,,,,
10.1021/acs.nanolett.7b00533,porous carbon,,,koh,0.8,143.5,142.3,1.036,,0.024,,,4.12,,,,,
10.1021/acs.nanolett.7b00533,porous carbon,,,koh,0.8,2905.6,374.7,4.337,0.62,0.93,,0.94,1.95,8.6,,,,
10.1038/ncomms15717,porous carbon,,MDC,koh,1,1536,222,1.23,,0.39,894,,,,,,,
10.1038/ncomms15717,porous carbon,,OMC,koh,1,779,110,0.57,,0.28,379,,,,,,,
10.1038/ncomms15717,porous carbon,,MDC-OMC,koh,1,1021,249,1.62,0.5,0.16,367,,,,,,,
10.1038/ncomms15717,porous carbon,,MDC/OMC,koh,1,1080,179,0.8,,0.42,600,,,,,,,
10.1038/ncomms15717,porous carbon,,MDC-OMC,teabf4 AN,2.5,1021,135,1.62,0.5,0.16,367,,,,,,,
10.1021/acs.chemmater.7b00857,N-doped porous carbon,,ptct-c,koh,1,1280,550,1.82,0.71,1.64,,,6.07,,,,,
10.1021/acs.chemmater.7b00857,N-doped porous carbon,,ptca-c,koh,1,790,380,1.82,0.93,1.31,,,3.6,,,,,
10.1021/acs.chemmater.7b00857,N-doped porous carbon,,pbcp-c,koh,1,910,300,2.24,0.94,1.98,,,2.99,,,,,
10.1021/acssuschemeng.6b03183,N-doped porous carbon,,,nacl,1,910,204,3.49,,0.13,269,1.01,3.1,,,,,
10.1021/acssuschemeng.6b03183,N-doped porous carbon,,,nacl,1,534,150,2.5,,0.15,349,0.97,,,,,,
10.1002/smll.201700834,N-doped carbon nanobelt,,,koh,1,358.6,449,0.246,,0.051,,1.1,15.9,1.6,,,,
10.1002/smll.201700834,N-doped carbon nanobelt,,,koh,1,392.9,476,0.253,,0.057,,1.1,16.8,2.3,,,,
10.1002/smll.201700834,N-doped carbon nanobelt,,,koh,1,24.7,,0.029,,0.008,,,5.3,2.5,,,,
10.1002/smll.201700834,N-doped carbon nanobelt,,,koh,1,446.3,385,0.283,,0.076,,1.04,8,6.4,,,,
10.1039/c7ra07003a,N-doped porous carbon,,,h2so4,0.8,722,175,0.493,2.73,,,,2.8,7,,,,
10.1039/c7ra07003a,N-doped porous carbon,,,h2so4,0.8,1600,270,0.862,2.16,,,,2.6,11,,,,
10.1002/cjoc.201600785,AC,,,koh,1,1098.1,60,,,,,,,,,,,
10.1039/c5nr05151g,N-doped carbon,rgo,,koh,1,1349,190,0.9,2.6,0.6,1216,0.91,9,8.5,,,,
10.1039/c5nr05151g,N-doped carbon,rgo,,koh,1,2502,341,1.7,2.7,1.1,2189,0.94,6.3,9.2,,,,
10.1039/c5nr05151g,N-doped carbon,,,koh,1,2360,260,1.3,2.2,1.1,2237,0.88,8.5,8,,,,
10.1039/c5nr05151g,rgo,,,koh,1,505,150,1,15.8,0.1,,,0,4.3,,,,
10.1002/celc.201500516,carbon,,G-DEB-TPA,koh,1,1015,,,,,,,,,,,,
10.1002/celc.201500516,carbon,,G-DEB-C,koh,1,526,,,,,,,,,,,,
10.1002/celc.201500516,carbon,,G-DEF-TPA,koh,1,643,,,,,,,,,,,,
10.1002/celc.201500516,carbon,,G-DEF-C,koh,1,779,,,,,,,,,,,,
10.1002/celc.201500516,carbon,,G-TEPA-TPA,koh,1,926,,,,,,,,,,,,
10.1002/celc.201500516,carbon,,G-TEPA-C,koh,1,861,,,,,,,,,,,,
10.1002/celc.201500516,carbon,,G-DEB-TPA-C,koh,1,719,216,,,,,0.95,,,,,,
10.1002/celc.201500516,carbon,,G-DEB-C-C,koh,1,239,58,,,,,0.98,,,,,,
10.1002/celc.201500516,carbon,,G-DEF-TPA-C,koh,1,552,90,,,,,0.99,,,,,,
10.1002/celc.201500516,carbon,,G-DEF-C-C,koh,1,467,133,,,,,1.01,,,,,,
10.1002/celc.201500516,carbon,,G-TEPA-TPA-C,koh,1,764,241,,,,,0.99,,,,,,
10.1002/celc.201500516,carbon,,G-TEPA-C-C,koh,1,493,148,,,,,0.99,,,,,,
10.1039/c5ra26263a,porous carbon,,,koh,1,951.7,114,0.46,1.48,0.38,822.7,1.64,,,,,,
10.1039/c5ra26263a,porous carbon,,,koh,1,1379.4,126,0.69,1.48,0.49,1062.1,1.91,,,,,,
10.1039/c5ra26263a,porous carbon,,,koh,1,1636.2,133,0.74,1.48,0.58,1218.1,1.92,,,,,,
10.1039/c5ra26263a,porous carbon,,,koh,1,1748.2,149,0.83,1.59,0.58,1286.6,1.93,,,,,,
10.1039/c5ra26263a,porous carbon,,,koh,1,2006.9,174,0.92,1.36,0.49,1104.7,1.95,,,,,,
10.1039/c5ra26263a,porous carbon,,,koh,1,2178.2,206,1.01,1.59,0.43,1004.5,1.97,,,,,,
10.1039/c5ra26263a,porous carbon,,,koh,1,1420.2,,0.69,1.48,0.48,1110.6,,,,,,,
10.1002/adma.201600586,AC,,PG-0,,,17.8,,,10.5,,,1,3.08,7.32,,,,
10.1002/adma.201600586,AC,rgo,aPG-2,,,800,,,0.56,,,1,1.94,6.91,,,,
10.1002/adma.201600586,AC,rgo,aPG-5,,,1180,,,0.58,,,1,1.53,4.66,,,,
10.1002/adma.201600586,rgo,,aGO-10,,,1165,,,0.9,,,1,,,,,,
10.1002/adma.201600586,AC,rgo,aPG-10,koh,0.8,2582,227,,0.48,,,1,1.27,8.66,,,,
10.1002/adma.201600586,AC,rgo,aPG-10,teabf4/AN,3.5,2582,188,,0.48,,,1,1.27,8.66,,,,
10.1038/srep31555,N-doped graphene,,,koh,1,190.38,290,0.88,4.01,,,1,3.2,11.3,,,,
10.1038/srep31555,N-doped graphene,,,koh,1,171.56,270,0.68,3.95,,,0.5,2.9,6.4,,,,
10.1007/s10853-015-9660-2,CNT,,,koh,0.8,150,11,0.417,1,,,,0,0,,,,
10.1007/s10853-015-9660-2,CNT,,,koh,,223,21,0.422,1,,,,0,0,,,,
10.1007/s10853-015-9660-2,CNT,,,koh,,251,26,0.486,1,,,,0,0,,,,
10.1007/s10853-015-9660-2,CNT,,,koh,,296,4,0.805,1,,,,0,0,,,,
10.1002/smll.201600974,CNT,,0,,,,,,,,,,0,5.5,,,,
10.1002/smll.201600974,CNT,,1,,,,,,,,,,0,9.8,,,,
10.1002/smll.201600974,CNT,,4,,,,,,,,,,1,13.5,,,,
10.1002/smll.201600974,CNT,,2,,,,,,,,,,5.4,13.1,,,,
10.1021/acsami.6b02404,N-doped porous carbon,,N-HMCS-2,h2so4,0.8,2359,240,2.23,2.7,,,,1.9,11.9,,,,
10.1021/acsami.6b02404,N-doped porous carbon,,YSHMCNs-2,h2so4,0.8,1061,169,2.04,4.2,,,,1.9,17.5,,,,
10.1039/c5ta10170k,B-doped carbon,,BC-MS-700-14,h2so4,1,1460,160,1.7678,,0.428,,0.96,0,,,,,
10.1002/chem.201602922,N-doped porous carbon,,,koh,1,1415,289,1.4,3.96,,1040,0.88,3.47,12.7,,,,
10.1002/chem.201602922,N-doped porous carbon,,,koh,1,170,96,0.2,8.37,,108,0.8,,,,,,
10.1002/chem.201602922,N-doped porous carbon,,,koh,1,306,137,0.31,5.5,,173,0.76,,,,,,
10.1002/chem.201602922,N-doped porous carbon,,,koh,1,654,243,0.49,4.38,,293,0.67,5.89,8.63,,,,
10.1039/c5ra22527b,CNT,,,lipf6,3,214.3,32,1.28,,0.08,,1.2,0,0.3,,,,
10.1039/c5ra22527b,CNT,,,lipf6,3,627.8,,1.36,,0.23,,1.47,0,5.5,,,,
10.1039/c5ra22527b,CNT,,,lipf6,3,661.5,,1.58,,0.23,,1.47,0,5.5,,,,
10.1039/c5ra22527b,CNT,,,lipf6,3,1123.2,145,2.38,,0.4,,1.47,0,5.5,,,,
10.1039/c6ta08868f,porous carbon,,,emimbf4,3.5,3550,150,1.78,,,1349,,,,,,,
10.1039/c6ta08868f,AC,,,emimbf4,3.5,1740,62,0.6,,,1548.6,,,,,,,
10.1039/c6ta08868f,porous carbon,,,lipf6 EC/DMC,3,3550,216,1.78,,,1349,,,,,,,
10.1039/c6nr02155g,carbon nanosheet,,,koh,1,773,142,0.68,0.5,,462,2.95,0,3.6,,,,
10.1039/c6nr02155g,carbon nanosheet,,,koh,1,1766,220,1.45,0.5,,573,2.5,0,3.6,,,,
10.1039/c6nr02155g,carbon nanosheet,,,koh,1,910,160,0.88,0.6,,558,2.9,0,,,,,
10.1039/c6ra13689c,NOP-doped porous carbon,,,koh,0.9,2335,315,1.32,2.6,0.95,,1,1.1,11,,,,1.6
10.1021/acsami.6b10893,AC,,,koh,1,2033,374,0.98,2,0.72,1530,0.99,0.8,5.6,,,,
10.1021/acsami.6b10893,AC,,,koh,1,2312,355,1.2,2.15,0.68,1743,0.98,1.4,4.5,,,,
10.1021/acsami.6b10893,AC,,,koh,1,1742,266,0.79,1.81,0.45,1196,0.88,1,6.3,,,,
10.1021/acsami.6b10893,AC,,,koh,1,2345,203,1.03,1.78,0.86,2102,,,,,,,
10.1021/acsami.6b10893,AC,,,koh,1,182,134,0.1,2.29,0.05,116,,,,,,,
10.1021/acs.iecr.5b00601,porous carbon,,,koh,1,1634.5,204.4,3.67,1.58,,,2.72,0,,,,,
10.1021/acs.iecr.5b00601,porous carbon,,,koh,1,1972.1,236.5,4.78,1.65,,,2.55,0,,,,,
10.1021/acs.iecr.5b00601,porous carbon,,,koh,1,1918.5,209.2,2.89,1.66,,,2.42,0,,,,,
10.1039/c5ra07807e,porous carbon,,hpc-6,koh,0.9,524,,0.31,0.6,0.25,,0.8,0,,,,,
10.1039/c5ra07807e,porous carbon,,hpc-7,koh,0.9,637,,0.37,0.6,0.31,,0.82,0,,,,,
10.1039/c5ra07807e,porous carbon,,hpc-8,koh,0.9,803,,0.46,0.6,0.38,,0.84,0,,,,,
10.1039/c5ra07807e,porous carbon,,hpc-9,koh,0.9,1007,147.2,0.62,0.6,0.46,,0.85,0,7.3,,,,
10.1039/c5ra07807e,porous carbon,,hpc-10,koh,0.9,966,,0.57,0.6,0.43,,0.85,0,,,,,
10.1039/c5ra07807e,porous carbon,,hpc-9d,koh,0.9,1549,175.2,0.81,0.6,0.61,,0.86,0,8.5,,,,
10.1039/c5ra07807e,porous carbon,,MPC-9,koh,0.9,648,174.4,0.33,0.6,0.33,,0.83,0,,,,,
10.1039/c5ra07807e,porous carbon,,hpc-6,teabf4 AN,2.7,524,,0.31,0.6,0.25,,0.8,0,,,,,
10.1039/c5ra07807e,porous carbon,,hpc-7,teabf4 AN,2.7,637,,0.37,0.6,0.31,,0.82,0,,,,,
10.1039/c5ra07807e,porous carbon,,hpc-8,teabf4 AN,2.7,803,,0.46,0.6,0.38,,0.84,0,,,,,
10.1039/c5ra07807e,porous carbon,,hpc-9,teabf4 AN,2.7,1007,38,0.62,0.6,0.46,,0.85,0,7.3,,,,
10.1039/c5ra07807e,porous carbon,,hpc-10,teabf4 AN,2.7,966,,0.57,0.6,0.43,,0.85,0,,,,,
10.1039/c5ra07807e,porous carbon,,hpc-9d,teabf4 AN,2.7,1549,115,0.81,0.6,0.61,,0.86,0,8.5,,,,
10.1039/c5ra07807e,porous carbon,,MPC-9,teabf4 AN,2.7,648,1.9,0.33,0.6,0.33,,0.83,0,,,,,
10.1039/c5ra16104e,N-doped porous carbon,,n-hpc,lipf6 EC/DMC,2.7,1290,101,3.04,0.7,0.3,400,,3.6,,,,,
10.1039/c5ra16104e,N-doped porous carbon,,hpc,lipf6 EC/DMC,2.7,1222,108,2.76,0.7,0.28,382,,,,,,,
10.1039/c5ra16104e,N-doped porous carbon,,yp-17d,lipf6 EC/DMC,2.7,1487,90,0.74,1,0.56,1356,,,,,,,
10.1039/c5ra11179j,porous carbon,,,koh,1,1169.5,,0.71,2.41,,,,,,,,,
10.1039/c5ra11179j,porous carbon,,,koh,1,2121.9,,1.21,2.28,,,,,,,,,
10.1039/c5ra11179j,porous carbon,,,koh,1,2548.6,239,1.54,2.42,,,0.96,0,,,,,
10.1039/c5ra11179j,porous carbon,,,koh,1,1793.5,,1.06,2.36,,,,,,,,,
10.1007/s10800-015-0850-z,porous carbon,,600-2,koh,1,449,185,0.54,4.77,0.11,,,,,,,,
10.1007/s10800-015-0850-z,porous carbon,,700-2,koh,1,600,193,0.63,4.2,0.18,,,,,,,,
10.1007/s10800-015-0850-z,porous carbon,,800-2,koh,1,1018,233,1.07,4.18,0.27,,,,,,,,
10.1007/s10800-015-0850-z,porous carbon,,900-2,koh,1,1066,168,1.48,5.57,0.11,,,,,,,,
10.1007/s10800-015-0850-z,porous carbon,,800-1.5,koh,1,866,189,0.83,3.81,0.21,,,,,,,,
10.1007/s10800-015-0850-z,porous carbon,,800-2.5,koh,1,1456,245,1.35,3.7,0.38,,1.02,,,,,,
10.1007/s10800-015-0850-z,porous carbon,,800-3,koh,1,971,236,0.99,4.07,0.26,,,,,,,,
10.1039/c5ra05688h,porous carbon,,,koh,0.9,943,232,0.44,1.9,,,1.15,2.06,23.32,,,,
10.1039/c5ra05688h,porous carbon,,,koh,0.9,1177,267,0.55,1.89,,,1.27,1.88,21.89,,,,
10.1039/c5ra05688h,porous carbon,,,koh,0.9,1733,304,0.86,1.97,,,1.38,1.64,18.98,,,,
10.1039/c5ra05688h,porous carbon,,,koh,0.9,1841,187,1.05,2.25,,,1.78,1.39,17.14,,,,
10.1039/c5ra05688h,porous carbon,,,koh,0.9,1554,204,0.94,2.36,,,2.35,1.09,15.24,,,,
10.1039/c4ta00778f,porous carbon,,,h2so4,0.9,341,41,0.53,,0.05,,,,,,,,
10.1039/c4ta00778f,porous carbon,,,h2so4,0.9,960,,0.76,,0.34,,,,,,,,
10.1039/c4ta00778f,porous carbon,,,h2so4,0.9,1028,,1,,0.34,,,,,,,,
10.1039/c4ta00778f,porous carbon,,,h2so4,0.9,982,,0.6,,0.39,,,,,,,,
10.1039/c4ta00778f,porous carbon,,,h2so4,0.9,618,,0.75,,0.16,,,,,,,,
10.1039/c4ta00778f,porous carbon,,,h2so4,0.9,634,,0.75,,0.16,,,,,,,,
10.1039/c4ta00778f,porous carbon,,,h2so4,0.9,1247,,1.19,,0.42,,,,,,,,
10.1039/c4ta00778f,porous carbon,,,h2so4,0.9,1124,,1.1,,0.35,,,,,,,,
10.1039/c4ta00778f,porous carbon,,,h2so4,0.9,1757,,1.64,,0.52,,,,,,,,
10.1039/c4ra06724j,porous carbon,,,h2so4,1,1161.6,257,2.78,21,0.25,,,0,,,,,
10.1039/c4ra06724j,AC,,,h2so5,1,851,120,0.55,2,0.37,,,,,,,,
10.1039/c4ta01215a,N-doped carbon,,,koh,1,139,,,4.3,,,0.57,11.3,,,,,
10.1039/c4ta01215a,N-doped carbon,,,koh,1,1299,491,,,,,0.89,4.8,,,,,
10.1039/c4ta01215a,N-doped carbon,,,koh,1,2090,525,,,,,0.9,4.1,,,,,
10.1039/c3nr00738c,porous carbon,,,BMINBF6,4,3023,213,2.18,1.2,,,,0,,,,,
10.1039/c3nr00738c,porous carbon,,,BMINBF6,4,408,,0.37,,,,,,,,,,
10.1039/c3ta10660h,carbon fiber,,,,,1050,,1.015,,0.118,,,,,,,,
10.1039/c3ta10660h,carbon fiber,,,,,529,,0.296,,0.195,,,,,,,,
10.1039/c3ta10660h,carbon fiber,,,,,1218,276,1.075,,0.698,,,,,,,,
10.1039/c3ta10660h,carbon fiber,,,,,1144,,0.666,,0.551,,,,,,,,